game_id	genre_id
002879d0-65a3-53e0-b34c-01de612742eb	71da6f22-3d24-50a0-b6aa-173c61d59fd0
0338f3b7-def9-5bf2-a991-02c33ae3ad7e	a2ebef77-6690-56bd-9410-20aacc29ea76
0473255c-242a-5089-8acf-02dd0113e148	71da6f22-3d24-50a0-b6aa-173c61d59fd0
05c05730-6956-5976-b630-e09e9953ad9f	71da6f22-3d24-50a0-b6aa-173c61d59fd0
0694a408-64f8-5ec5-b1e6-5b763adab915	71da6f22-3d24-50a0-b6aa-173c61d59fd0
075631c4-f9da-5cf8-af9f-94e15bd9aba2	71da6f22-3d24-50a0-b6aa-173c61d59fd0
0b18a26e-e5bf-551d-b45d-7da7b6de06de	a2ebef77-6690-56bd-9410-20aacc29ea76
0cf8c021-aeb7-5933-abae-ebb895c868ab	71da6f22-3d24-50a0-b6aa-173c61d59fd0
10e3fa50-34fb-5d37-b98f-ec5df85c6cad	a2ebef77-6690-56bd-9410-20aacc29ea76
111e69c8-ee93-532c-a044-8da132ed7e57	c38b0f6a-8f1a-570c-835d-16a721b3a4c7
150b44ed-95c9-5a79-9668-b25401288a3e	1dab710f-c655-5b51-8150-35e5db9a0510
1739f06e-2a65-5651-8eae-87b89643df72	c38b0f6a-8f1a-570c-835d-16a721b3a4c7
17618f97-094b-5ded-a671-06887f447e7c	920b4b1f-2da1-533f-b611-320df5367325
17618f97-094b-5ded-a671-06887f447e7c	a2ebef77-6690-56bd-9410-20aacc29ea76
17f764e1-b88b-5805-80fe-16d54ae323fa	920b4b1f-2da1-533f-b611-320df5367325
18ac86ec-af5d-5da5-9a7b-42811c74d3a8	a2ebef77-6690-56bd-9410-20aacc29ea76
19d562a0-b6ea-52de-86e2-a30bf9da787d	71da6f22-3d24-50a0-b6aa-173c61d59fd0
1f9a7eb7-f7f4-546c-ba37-2644035ff1d4	116b590a-9dba-5606-a38a-04e393000358
2097516e-3a65-5c3f-9f84-44f3bd069e64	71da6f22-3d24-50a0-b6aa-173c61d59fd0
20a5015e-d518-5c2c-bc98-fee78b6f891f	71da6f22-3d24-50a0-b6aa-173c61d59fd0
20b7ed8d-d1e5-5326-aabf-3c227b3dd55f	c38b0f6a-8f1a-570c-835d-16a721b3a4c7
2226676c-b2b5-5d9a-be16-9c3a1605ea21	a2ebef77-6690-56bd-9410-20aacc29ea76
22e47a86-64ed-548e-b025-cb033deeee34	116b590a-9dba-5606-a38a-04e393000358
2306f409-1d4a-549c-a370-ca60c967f7da	71da6f22-3d24-50a0-b6aa-173c61d59fd0
2a3097ec-134a-5a28-aca7-f7180d3f87a9	920b4b1f-2da1-533f-b611-320df5367325
2b48c77a-34ae-58ab-a1c6-9f2ee009c124	71da6f22-3d24-50a0-b6aa-173c61d59fd0
2c84cd64-5738-516a-90d2-f68c73e84ddf	116b590a-9dba-5606-a38a-04e393000358
2e8d9d3f-08ac-51e6-927b-123f5f1f8c11	a9345370-a426-5683-8682-d6428228bb38
30438084-5daa-57f8-9cea-f73041e214af	a2ebef77-6690-56bd-9410-20aacc29ea76
320250a2-161b-5d46-9875-a1b51afc2adc	c38b0f6a-8f1a-570c-835d-16a721b3a4c7
32af2f9a-dce5-5c79-b821-9dc325ed6a41	71da6f22-3d24-50a0-b6aa-173c61d59fd0
3378686a-81b7-5c99-95f3-328dac781632	a2ebef77-6690-56bd-9410-20aacc29ea76
360e6955-c6b1-5e56-8d7a-9d7e5b3e372a	71da6f22-3d24-50a0-b6aa-173c61d59fd0
36f89706-2d27-59c9-9794-345fd8beefc4	920b4b1f-2da1-533f-b611-320df5367325
374743a4-6845-56dc-a26f-d2cdf5de59eb	71da6f22-3d24-50a0-b6aa-173c61d59fd0
39df1d37-1d1e-5f33-b236-182d10451347	c38b0f6a-8f1a-570c-835d-16a721b3a4c7
3a7475f0-7097-5923-a92d-535b2dff80c2	71da6f22-3d24-50a0-b6aa-173c61d59fd0
3ca7b659-575f-5f0c-be5c-8b1a21ec563a	a2ebef77-6690-56bd-9410-20aacc29ea76
3d55336a-33d5-5599-b3da-bc7c2d8b8bd7	c38b0f6a-8f1a-570c-835d-16a721b3a4c7
41a637b2-0360-57c1-bf55-bc8c14a2834b	a2ebef77-6690-56bd-9410-20aacc29ea76
440a7436-7b2c-51f1-a987-641ac6e3c8aa	71da6f22-3d24-50a0-b6aa-173c61d59fd0
4484c07d-55c6-5a76-a2ed-225ead767d3c	c38b0f6a-8f1a-570c-835d-16a721b3a4c7
44d4402f-d69c-5ac6-9583-cbee0d90282f	c38b0f6a-8f1a-570c-835d-16a721b3a4c7
451a9887-8f84-5972-96f6-e5f8190a2172	116b590a-9dba-5606-a38a-04e393000358
45db3fae-6549-533c-836a-544bd87f1347	116b590a-9dba-5606-a38a-04e393000358
474e42da-e123-56ed-a85d-40f665037894	c38b0f6a-8f1a-570c-835d-16a721b3a4c7
4e65049d-0c24-50cd-9751-c236f8d9ea2b	71da6f22-3d24-50a0-b6aa-173c61d59fd0
4eaaad4c-3cae-5387-b591-2de87abc8aa0	a2ebef77-6690-56bd-9410-20aacc29ea76
4f0082b4-df53-56d1-a09a-b694896d8daa	71da6f22-3d24-50a0-b6aa-173c61d59fd0
5049a18f-eea4-5cfa-940c-d1126b74c43b	920b4b1f-2da1-533f-b611-320df5367325
5083d5d9-bd40-54f8-8eec-79460b626d03	44330f85-1452-535c-ad70-719476c5625e
5083d5d9-bd40-54f8-8eec-79460b626d03	a2ebef77-6690-56bd-9410-20aacc29ea76
55419649-6327-5887-833e-06347fdb5824	c38b0f6a-8f1a-570c-835d-16a721b3a4c7
554bb879-76ca-5232-a273-c331571b5c20	a2ebef77-6690-56bd-9410-20aacc29ea76
5616bee3-8155-596c-9a3c-e67dd8027015	71da6f22-3d24-50a0-b6aa-173c61d59fd0
57057556-3503-51dd-8c22-c73b797a0af9	71da6f22-3d24-50a0-b6aa-173c61d59fd0
571605de-7f91-5e5e-b8df-36f0a040de12	71da6f22-3d24-50a0-b6aa-173c61d59fd0
59c3bb32-cee2-548d-b690-7772433da2b7	71da6f22-3d24-50a0-b6aa-173c61d59fd0
59e6467e-1ab6-5448-b3a0-9a85edd022f1	a2ebef77-6690-56bd-9410-20aacc29ea76
5c0c2b1e-3efc-5274-83ee-8d91425be241	c38b0f6a-8f1a-570c-835d-16a721b3a4c7
5ceaa544-15f7-5c79-ad36-f405caf1e249	116b590a-9dba-5606-a38a-04e393000358
5e3aa088-e477-52f1-ab24-e21bb2e6a834	116b590a-9dba-5606-a38a-04e393000358
5f4c40bd-58c2-51bc-ad96-1c64372bdf08	71da6f22-3d24-50a0-b6aa-173c61d59fd0
61c20380-bbab-5ef4-82dc-3a75ec4e3af9	71da6f22-3d24-50a0-b6aa-173c61d59fd0
6426ca99-2f64-5b1c-8fa7-37d3e99f36fd	a2ebef77-6690-56bd-9410-20aacc29ea76
64c6e666-2adb-5db3-82ba-3010fa9aa5c2	a2ebef77-6690-56bd-9410-20aacc29ea76
6addf38e-66ed-5d0b-9f2f-9a37b39a3bfe	920b4b1f-2da1-533f-b611-320df5367325
6b5922f9-2470-5f36-9189-b6ed3a15a4eb	b2796762-de97-57b1-b88b-55e219083615
6ddf3ac9-e95f-52d1-860a-46f1d13bcfb8	71da6f22-3d24-50a0-b6aa-173c61d59fd0
6df499df-035d-5917-b0c3-b29e0c3b4a39	a2ebef77-6690-56bd-9410-20aacc29ea76
6e7a18ea-4536-50ae-9bb7-6fdfbae41af8	920b4b1f-2da1-533f-b611-320df5367325
71ad507e-a72a-51ed-84c7-5d2d03e2e4d8	920b4b1f-2da1-533f-b611-320df5367325
71ad507e-a72a-51ed-84c7-5d2d03e2e4d8	a2ebef77-6690-56bd-9410-20aacc29ea76
728eb237-5477-5594-8151-5b2a996d33be	a2ebef77-6690-56bd-9410-20aacc29ea76
76f2100f-1dbd-5f20-b96d-8f92f83c375d	4318524d-d49e-5363-a85c-d6125eabc6de
79cc9819-5ac9-5eb4-9cc4-1564ce90ba6c	c38b0f6a-8f1a-570c-835d-16a721b3a4c7
7cd316ff-4b6f-51a1-a48d-fdfb7f701701	116b590a-9dba-5606-a38a-04e393000358
7d788238-8753-56fe-9c11-9651f6a7b5d8	920b4b1f-2da1-533f-b611-320df5367325
7d788238-8753-56fe-9c11-9651f6a7b5d8	a2ebef77-6690-56bd-9410-20aacc29ea76
7e7891db-07bb-5763-8515-0523a84ef07e	a2ebef77-6690-56bd-9410-20aacc29ea76
84b618e8-805b-5f92-9466-b439ebe28d95	d3d36cca-5ca3-581b-9219-a231de412b5d
8760991e-3193-554a-bb02-95837098230f	71da6f22-3d24-50a0-b6aa-173c61d59fd0
87e6970c-7a11-5dd6-ad91-a3cb793028b3	920b4b1f-2da1-533f-b611-320df5367325
8aa00761-ab78-535d-a47a-963014c8b106	71da6f22-3d24-50a0-b6aa-173c61d59fd0
91cc59e7-dd7d-554b-8b24-3676852b1d27	c38b0f6a-8f1a-570c-835d-16a721b3a4c7
954bfb7b-d5fc-5629-b226-74d0343e2278	71da6f22-3d24-50a0-b6aa-173c61d59fd0
96489374-ad1d-5e5f-a3e6-4853afce88a6	c38b0f6a-8f1a-570c-835d-16a721b3a4c7
98b546e1-0108-550b-be08-abff4acf1c9d	c38b0f6a-8f1a-570c-835d-16a721b3a4c7
9aa7d3b3-3953-5680-a5df-08594df6feba	71da6f22-3d24-50a0-b6aa-173c61d59fd0
9b6c1f0e-4bac-5a2a-be72-68facfb33fe3	71da6f22-3d24-50a0-b6aa-173c61d59fd0
a1d4039d-1617-5354-84c4-d78cba9d228a	71da6f22-3d24-50a0-b6aa-173c61d59fd0
a29fd8bc-3c13-535c-a715-6ebfff37c76b	b2796762-de97-57b1-b88b-55e219083615
a2fe88c5-6159-5017-8c7c-bb3fccbb1eb9	a2ebef77-6690-56bd-9410-20aacc29ea76
a38bd3cb-5575-55b0-b023-dd51ea33b27a	a2ebef77-6690-56bd-9410-20aacc29ea76
a4f8312d-870f-5354-a684-424710512b99	a2ebef77-6690-56bd-9410-20aacc29ea76
a590963e-9f70-5db0-b0c0-e62cfb80ed45	d3d36cca-5ca3-581b-9219-a231de412b5d
a59f84d3-1883-5952-afbe-cbb0d13c3348	71da6f22-3d24-50a0-b6aa-173c61d59fd0
a66f7a4f-4f32-5969-b3a0-fd2e5ba20a3c	116b590a-9dba-5606-a38a-04e393000358
a67bc974-602a-5462-b7b5-f3313e6ee86b	ccc4a50a-45f4-55b7-a291-68f7dfd75348
a67fc6d2-5846-5453-9fad-61d01b98b0c2	b2796762-de97-57b1-b88b-55e219083615
a6e35ad7-eb4b-580d-88ec-4804316ff6a5	c38b0f6a-8f1a-570c-835d-16a721b3a4c7
ab082c0f-4953-53c7-8f79-1d7cc19da08d	a2ebef77-6690-56bd-9410-20aacc29ea76
ab2b6898-779c-567b-b64c-20c9ed2e019a	c38b0f6a-8f1a-570c-835d-16a721b3a4c7
abdadd82-4ef0-5e90-9c8c-209f70b04ccc	d3d36cca-5ca3-581b-9219-a231de412b5d
ac497e84-f9b9-51b2-afc8-a7827240fa40	71da6f22-3d24-50a0-b6aa-173c61d59fd0
ae90e998-72f7-5d64-8764-b9ba7c037629	a2ebef77-6690-56bd-9410-20aacc29ea76
af47f11d-0397-5e40-bafb-8efc3a1255a5	a2ebef77-6690-56bd-9410-20aacc29ea76
af606aa3-2b5e-55cf-b371-1deb286db3fd	c38b0f6a-8f1a-570c-835d-16a721b3a4c7
b13b7383-0eeb-50b1-a0f1-2260f977031e	920b4b1f-2da1-533f-b611-320df5367325
b13b7383-0eeb-50b1-a0f1-2260f977031e	a2ebef77-6690-56bd-9410-20aacc29ea76
b2a38596-d9bc-55a7-95f3-8cc89496decb	d3d36cca-5ca3-581b-9219-a231de412b5d
b2bd52e2-45c6-570d-b4e5-334fa4b67d7b	71da6f22-3d24-50a0-b6aa-173c61d59fd0
b2c4cd79-e4bb-58c4-8280-f8206d87239a	71da6f22-3d24-50a0-b6aa-173c61d59fd0
b448c350-6753-52d9-aca4-437377be3005	4318524d-d49e-5363-a85c-d6125eabc6de
b51885ff-d663-5006-b312-e3aa9829b5a6	c38b0f6a-8f1a-570c-835d-16a721b3a4c7
b803b104-a1d9-5bf1-a047-1e0ac91f610e	71da6f22-3d24-50a0-b6aa-173c61d59fd0
ba69f660-754f-5176-a21f-e026415a9e63	a2ebef77-6690-56bd-9410-20aacc29ea76
bc298b16-43ba-5611-8314-9745a10143df	71da6f22-3d24-50a0-b6aa-173c61d59fd0
bc75a258-6048-5fa5-992c-cc4385aa29f5	116b590a-9dba-5606-a38a-04e393000358
bd4c254c-7646-5ad5-ba13-3288fe381f5d	920b4b1f-2da1-533f-b611-320df5367325
bffd31d0-34d2-54a6-ac04-ecc4408430cf	71da6f22-3d24-50a0-b6aa-173c61d59fd0
c0a5b7d4-8bb0-505f-bb51-b93d9625b768	920b4b1f-2da1-533f-b611-320df5367325
c22345b7-6b3d-5fda-9dcb-f9969d045558	920b4b1f-2da1-533f-b611-320df5367325
c29bca7e-aa25-5af9-87f1-ce095a08b001	a9f1dd2c-f4ed-5ca5-b91f-4eea37c4fcb4
c2ea9709-453c-59d9-ae72-a1f5723c6af8	920b4b1f-2da1-533f-b611-320df5367325
c4964590-b698-5663-b7f1-93e00c353f0b	d819cb31-ab13-50c7-9c95-1146caad4d0c
cc2377a3-b321-5601-854d-d6a68679229a	71da6f22-3d24-50a0-b6aa-173c61d59fd0
d2641721-a44c-5698-9ec9-cbf6378616e6	71da6f22-3d24-50a0-b6aa-173c61d59fd0
d2d467f8-a8b1-5bf0-b33b-19f0f94153d4	71da6f22-3d24-50a0-b6aa-173c61d59fd0
d603a69d-cbc8-5a38-98f5-df0ac87d6bd8	920b4b1f-2da1-533f-b611-320df5367325
d62f5075-a39b-55ad-8831-84010d46758a	71da6f22-3d24-50a0-b6aa-173c61d59fd0
d63fbe9e-9e72-5bff-8b5a-e47db9481ded	71da6f22-3d24-50a0-b6aa-173c61d59fd0
dc77cfb9-cffd-554c-9378-73191c7bea79	71da6f22-3d24-50a0-b6aa-173c61d59fd0
dcef51f3-a8c1-59c3-a336-922da096fdd3	71da6f22-3d24-50a0-b6aa-173c61d59fd0
de498eb6-2bc5-53f1-ad9e-88a1856474a5	8ed0af99-7af6-5f52-b35c-ecda1ec76a22
df6e3e05-9eee-5826-976b-ef42dfa73c18	116b590a-9dba-5606-a38a-04e393000358
df96aa9c-c333-5114-9474-94c43e9c03b5	71da6f22-3d24-50a0-b6aa-173c61d59fd0
e0ffe415-3995-5c61-8d39-29aebaf1c737	8ed0af99-7af6-5f52-b35c-ecda1ec76a22
e3071774-74f4-571e-a413-f7edaecd4d49	116b590a-9dba-5606-a38a-04e393000358
e3faa8ad-cd6c-5969-9c87-78077bb15211	920b4b1f-2da1-533f-b611-320df5367325
e400a3a5-6ca0-5ec7-8e03-ed8cdef883e0	71da6f22-3d24-50a0-b6aa-173c61d59fd0
e6f8effb-086a-5c98-a2fa-024ec2877e1d	a2ebef77-6690-56bd-9410-20aacc29ea76
eab8ed31-1fe2-5f95-963a-a51226483ca8	a2ebef77-6690-56bd-9410-20aacc29ea76
eb2884cd-ff8d-579a-83ff-7015392bf3ed	71da6f22-3d24-50a0-b6aa-173c61d59fd0
ed42f94b-06be-59a6-888b-9b47df4c4414	71da6f22-3d24-50a0-b6aa-173c61d59fd0
eec8b648-5232-537b-af94-740ee64f712b	71da6f22-3d24-50a0-b6aa-173c61d59fd0
efc10817-4fad-56e9-af15-6df719191e03	c38b0f6a-8f1a-570c-835d-16a721b3a4c7
f18e7e22-d9ec-5a3d-a8c6-f4c155720f97	d3d36cca-5ca3-581b-9219-a231de412b5d
f1ea36e5-425c-571f-856a-2eb677756c14	71da6f22-3d24-50a0-b6aa-173c61d59fd0
f3de41cd-cd07-5fab-b82a-b00cdc3b378d	71da6f22-3d24-50a0-b6aa-173c61d59fd0
f4315b2f-7915-5e01-a185-ce5c752d9f08	4318524d-d49e-5363-a85c-d6125eabc6de
f7a72b10-9a02-5b53-9ad7-95fc26013c3a	920b4b1f-2da1-533f-b611-320df5367325
fbccd612-5ff8-58aa-8acb-e7d68dc7e52f	c443b4d1-3d4a-52f9-9ff9-0897066e8a7e
fff95099-a444-53ed-bba0-f7e14ab16208	a2ebef77-6690-56bd-9410-20aacc29ea76
