genre_id	name	description
a2ebef77-6690-56bd-9410-20aacc29ea76	Action	Action games represented in the Retronian catalog.
ccc4a50a-45f4-55b7-a291-68f7dfd75348	Board Game	Board Game games represented in the Retronian catalog.
c443b4d1-3d4a-52f9-9ff9-0897066e8a7e	Casino	Casino games represented in the Retronian catalog.
71da6f22-3d24-50a0-b6aa-173c61d59fd0	Fighting	Fighting games represented in the Retronian catalog.
44330f85-1452-535c-ad70-719476c5625e	Horror	Horror games represented in the Retronian catalog.
b2796762-de97-57b1-b88b-55e219083615	Mahjong	Mahjong games represented in the Retronian catalog.
8ed0af99-7af6-5f52-b35c-ecda1ec76a22	Platformer	Platformer games represented in the Retronian catalog.
116b590a-9dba-5606-a38a-04e393000358	Puzzle	Puzzle games represented in the Retronian catalog.
4318524d-d49e-5363-a85c-d6125eabc6de	Quiz	Quiz games represented in the Retronian catalog.
d3d36cca-5ca3-581b-9219-a231de412b5d	Racing	Racing games represented in the Retronian catalog.
1dab710f-c655-5b51-8150-35e5db9a0510	Rpg	Rpg games represented in the Retronian catalog.
920b4b1f-2da1-533f-b611-320df5367325	Shooter	Shooter games represented in the Retronian catalog.
c38b0f6a-8f1a-570c-835d-16a721b3a4c7	Sports	Sports games represented in the Retronian catalog.
a9345370-a426-5683-8682-d6428228bb38	Tabletop	Tabletop games represented in the Retronian catalog.
d819cb31-ab13-50c7-9c95-1146caad4d0c	Variety	Variety games represented in the Retronian catalog.
a9f1dd2c-f4ed-5ca5-b91f-4eea37c4fcb4	Wrestling	Wrestling games represented in the Retronian catalog.
