platform_id	format
0f8bb4f5-6df3-57ba-bbce-edb035594859	cartridge
11a05b75-02d2-5679-8ef9-9aba07e198db	optical_disc
13bc72fc-c34e-59ec-95b8-e0aba577f6d3	cartridge
1c6e2e53-1f22-5414-a99b-669fb3e6ee7e	cartridge
2108018d-2c81-529a-8780-20d0b2455b71	cartridge
3576d2a6-54ae-5add-a4d5-95e96f25ab22	cartridge
4d8890f4-c23c-5043-8d21-da6134059438	cartridge
575c8b6c-0689-5510-9054-ba29c1d56331	optical_disc
73f410b7-e638-5d57-9a94-7d60bcbe2596	cartridge
74b1d63b-20a4-5eb9-b5ba-8ee2e3a6a85e	cartridge
7e1e76c3-abd6-5e35-a886-ab852ecfdd13	optical_disc
8c84de17-b2b8-50fb-8e08-6bfb007f15e3	cartridge
9feeda13-707b-58ca-8280-f9bc0a80a62e	cartridge
b9baead9-1a1e-5669-b029-acec6af4c4c4	cartridge
bf6bec2c-734f-5960-9201-97b5c31f946d	optical_disc
cb782f9a-c28c-5c6f-8319-162458467522	cartridge
ced875b7-a822-54c7-87e2-5f72ba20a52d	optical_disc
ef17c785-1f9d-5c3b-84ca-5459e284ede8	cartridge
f1d19ee3-4646-5366-a782-f3b51cf8eb1d	cartridge
