platform_id	name	description	description_uk	release_date
0f8bb4f5-6df3-57ba-bbce-edb035594859	Game Boy	Game Boy is a video game platform represented in the rental catalog.	Game Boy — ігрова платформа, представлена в каталозі прокату.	1989-04-21
11a05b75-02d2-5679-8ef9-9aba07e198db	PlayStation Portable	PlayStation Portable is a video game platform represented in the rental catalog.	PlayStation Portable — ігрова платформа, представлена в каталозі прокату.	2004-12-12
13bc72fc-c34e-59ec-95b8-e0aba577f6d3	WonderSwan Color	WonderSwan Color is a video game platform represented in the rental catalog.	WonderSwan Color — ігрова платформа, представлена в каталозі прокату.	2000-12-09
1c6e2e53-1f22-5414-a99b-669fb3e6ee7e	Game Boy Color	Game Boy Color is a video game platform represented in the rental catalog.	Game Boy Color — ігрова платформа, представлена в каталозі прокату.	1998-10-21
2108018d-2c81-529a-8780-20d0b2455b71	PC Engine	PC Engine is a video game platform represented in the rental catalog.	PC Engine — ігрова платформа, представлена в каталозі прокату.	1987-10-30
3576d2a6-54ae-5add-a4d5-95e96f25ab22	Nintendo 64	Nintendo 64 is a video game platform represented in the rental catalog.	Nintendo 64 — ігрова платформа, представлена в каталозі прокату.	1996-06-23
4d8890f4-c23c-5043-8d21-da6134059438	Neo Geo	Neo Geo is a video game platform represented in the rental catalog.	Neo Geo — ігрова платформа, представлена в каталозі прокату.	1990-04-26
575c8b6c-0689-5510-9054-ba29c1d56331	PlayStation	PlayStation is a video game platform represented in the rental catalog.	PlayStation — ігрова платформа, представлена в каталозі прокату.	1994-12-03
73f410b7-e638-5d57-9a94-7d60bcbe2596	Game Boy Advance	Game Boy Advance is a video game platform represented in the rental catalog.	Game Boy Advance — ігрова платформа, представлена в каталозі прокату.	2001-03-21
74b1d63b-20a4-5eb9-b5ba-8ee2e3a6a85e	Capcom Play System 3	Capcom Play System 3 is a video game platform represented in the rental catalog.	Capcom Play System 3 — ігрова платформа, представлена в каталозі прокату.	1996-11-21
7e1e76c3-abd6-5e35-a886-ab852ecfdd13	PC-FX	PC-FX is a video game platform represented in the rental catalog.	PC-FX — ігрова платформа, представлена в каталозі прокату.	1994-12-23
8c84de17-b2b8-50fb-8e08-6bfb007f15e3	Sega Mega Drive	Sega Mega Drive is a video game platform represented in the rental catalog.	Sega Mega Drive — ігрова платформа, представлена в каталозі прокату.	1988-10-29
9feeda13-707b-58ca-8280-f9bc0a80a62e	Nintendo Entertainment System	Nintendo Entertainment System is a video game platform represented in the rental catalog.	Nintendo Entertainment System — ігрова платформа, представлена в каталозі прокату.	1983-07-15
b9baead9-1a1e-5669-b029-acec6af4c4c4	Arcade	Arcade is a video game platform represented in the rental catalog.	Arcade — ігрова платформа, представлена в каталозі прокату.	1971-11-01
bf6bec2c-734f-5960-9201-97b5c31f946d	Sega Saturn	Sega Saturn is a video game platform represented in the rental catalog.	Sega Saturn — ігрова платформа, представлена в каталозі прокату.	1994-11-22
cb782f9a-c28c-5c6f-8319-162458467522	Super Nintendo Entertainment System	Super Nintendo Entertainment System is a video game platform represented in the rental catalog.	Super Nintendo Entertainment System — ігрова платформа, представлена в каталозі прокату.	1990-11-21
ced875b7-a822-54c7-87e2-5f72ba20a52d	PlayStation 2	PlayStation 2 is a video game platform represented in the rental catalog.	PlayStation 2 — ігрова платформа, представлена в каталозі прокату.	2000-03-04
ef17c785-1f9d-5c3b-84ca-5459e284ede8	WonderSwan	WonderSwan is a video game platform represented in the rental catalog.	WonderSwan — ігрова платформа, представлена в каталозі прокату.	1999-03-04
f1d19ee3-4646-5366-a782-f3b51cf8eb1d	Nintendo DS	Nintendo DS is a video game platform represented in the rental catalog.	Nintendo DS — ігрова платформа, представлена в каталозі прокату.	2004-11-21
